L,S,wiederholungen,programmdauer,programmdauer_ki,endrate,endrate_ki,hochlauf,hochlauf_ki,auslastung_pruefung,auslastung_pruefung_ki,ruestquote,ruestquote_ki,fehlteile_je_satellit,fehlteile_je_satellit_ki,fertiggestellt,pruefstationen,v_wechsel,standardisierung
1,30,30,598.6208034765245,9.402899756339911,0.33746909658496815,0.01450729818523814,158.58601438629518,28.43403367324984,0.7553662089964468,0.01238748805035153,0.09962962962962964,0.008703807069846246,0.632962962962963,0.02415121919843044,180,1,0.1,niedrig
1,30,30,579.4750358106796,7.596062351882704,0.35390366444432664,0.015166222215664299,155.27073729989206,15.741456074167647,0.7720291863738045,0.010209500451134852,0.09462962962962963,0.009360912141824487,0.6201851851851852,0.01775450738600619,180,1,0.1,mittel
1,30,30,562.5653350890682,6.834443477127322,0.37064752362404824,0.01476281460243642,141.94624978159948,11.568557388303425,0.7991826166629334,0.01104817721781927,0.10518518518518519,0.008352228443679163,0.6487037037037038,0.027456183203811865,180,1,0.1,hoch
1,30,30,643.8052539141656,5.677029583896455,0.31732512441705457,0.013149873028411613,166.40758622350546,24.095137598152295,0.696795004275636,0.008329120745106725,0.29333333333333333,0.009925057051999994,0.6227777777777778,0.01973823115842745,180,1,0.3,niedrig
1,30,30,607.4797900096647,8.781265869210191,0.34572948564420813,0.01620526892272005,191.38323716291293,33.41046232974624,0.7435361884390663,0.01055434170250821,0.28685185185185186,0.012973332761632315,0.622962962962963,0.02453638516688735,180,1,0.3,mittel
1,30,30,579.1265754236302,8.013728341694623,0.36713117820440705,0.012454582439767183,178.77293322248482,21.774054067821588,0.7795347931110609,0.01240769387033053,0.2925925925925926,0.01051102569814191,0.647962962962963,0.016078805796372823,180,1,0.3,hoch
1,30,30,670.4247438580488,6.452199531933078,0.30722698052029307,0.011868437563785092,187.54237166100245,35.351069854842336,0.6740172799247698,0.007865580258612689,0.4937037037037037,0.012329692297145244,0.6266666666666667,0.01818615687748433,180,1,0.5,niedrig
1,30,30,627.5286959226465,9.052213140068535,0.3274334178992068,0.013030135122864318,169.12630604346108,19.77140734040392,0.7191740481255098,0.013024427631313298,0.49259259259259264,0.011250034871627625,0.6320370370370371,0.0178096893772069,180,1,0.5,mittel
1,30,30,582.8915074139586,5.562804137958213,0.3587150551457451,0.013063108053146213,151.56842171913033,14.435923401523143,0.7764503592734502,0.008823913630125071,0.5048148148148148,0.013246219177610674,0.6353703703703704,0.012036043892617884,180,1,0.5,hoch
1,30,30,598.430515318881,7.07724112467856,0.3509270618977573,0.015300562395847395,157.45270520100976,16.05305521146552,0.24976719839357964,0.0037224770949109256,0.10629629629629629,0.00948026253339513,0.6372222222222222,0.01801108136894892,180,3,0.1,niedrig
1,30,30,579.7305914224231,9.848651519916734,0.3717644290355409,0.014074150893844214,150.0435685624483,13.960934813863773,0.25982920768297374,0.0054391479665998445,0.09888888888888889,0.008537282238702919,0.6235185185185185,0.02188193271250651,180,3,0.1,mittel
1,30,30,562.933349509904,7.001940361458046,0.35378941201061515,0.018272756463758533,137.93431289839867,14.673003058166266,0.26707443614898346,0.004038619054383434,0.10092592592592592,0.008595880046686375,0.6437037037037037,0.019455767499214512,180,3,0.1,hoch
1,30,30,640.589529373718,7.141037852141785,0.33123825784603134,0.01474173713058871,162.92396681872282,17.321059394952997,0.2337838605070229,0.0028661633150606023,0.29703703703703704,0.008049779376834133,0.6351851851851852,0.020833197502040525,180,3,0.3,niedrig
1,30,30,605.5655153298612,7.616869040371589,0.3369728353836984,0.013607593529634792,152.83770870238473,15.771476918387782,0.24726224597897384,0.0034558770405758213,0.2912962962962963,0.009068064421177493,0.6353703703703704,0.01678381471265084,180,3,0.3,mittel
1,30,30,575.2948800535582,7.72315183020481,0.3440728367660651,0.016032800107378953,146.49636072666152,15.087303178643255,0.2596262862025536,0.0034407484289266784,0.30074074074074075,0.012461627132803707,0.6522222222222223,0.017870167337169403,180,3,0.3,hoch
1,30,30,669.6961106067305,10.188017510330674,0.3111541199165656,0.013887353378553863,159.80657590952873,9.381144023817843,0.22455861734179763,0.0036239670010718766,0.49648148148148147,0.011795863043424065,0.6244444444444445,0.018697543641207078,180,3,0.5,niedrig
1,30,30,625.4585249469236,8.594178296695912,0.33088743147902444,0.014690957565252485,148.5632209914817,8.81004940970917,0.23848039573680627,0.003596041444848888,0.49425925925925923,0.012326928638972032,0.6201851851851852,0.02093206993970365,180,3,0.5,mittel
1,30,30,582.9121615965884,6.372752755707279,0.3500679416626221,0.013375372054353463,148.6447213289874,16.32969812436249,0.2578618226378181,0.003616996912139863,0.4888888888888889,0.011197417042870058,0.6411111111111112,0.020318325526642516,180,3,0.5,hoch
5,6,30,506.3160385924735,3.1419343727319777,0.39749096060341477,0.00827304525809389,135.37818716262058,16.897140099330898,0.8869748870726271,0.003487260960384201,0.09833333333333334,0.00664809802291338,0.6162962962962963,0.02057383932512215,180,1,0.1,niedrig
5,6,30,506.5431373780667,3.6100970193826867,0.3944447881649581,0.00843599768345335,117.28373580049079,6.8011458178182504,0.8920415356895686,0.0029132004481716776,0.09574074074074074,0.008557744214807522,0.6396296296296297,0.022148433644584582,180,1,0.1,mittel
5,6,30,503.54191911172234,3.53507839346866,0.4039845828743848,0.008519397236613937,137.33591787989724,19.199303576112708,0.8948836469450961,0.0025761734125630074,0.10018518518518518,0.008163258832047353,0.627037037037037,0.016622670694646433,180,1,0.1,hoch
5,6,30,526.329176707315,3.513799108624213,0.3942503147960078,0.007454177933559069,161.2760110524322,16.12486485938904,0.8529622495506819,0.006683298356030751,0.2853703703703704,0.011336320360297289,0.6309259259259259,0.018374650399524975,180,1,0.3,niedrig
5,6,30,510.03954408000357,3.040227544009752,0.3985330425690699,0.007563954975918257,139.24016711061844,10.769578430980388,0.8838435773256506,0.003674185324920253,0.28351851851851856,0.012846654206029508,0.6218518518518519,0.017572806026921486,180,1,0.3,mittel
5,6,30,503.71522676492697,3.160049861147079,0.39757158670713305,0.00963208219440663,128.1351890837828,13.420913629714304,0.8908208906829576,0.003004848249223385,0.28185185185185185,0.011317670961158604,0.6211111111111111,0.022979923864296304,180,1,0.3,hoch
5,6,30,561.5203852060462,3.9575474926599234,0.3693144663038982,0.005871499797105841,160.18886296637717,11.641791215001781,0.8040764226637008,0.00900472774891176,0.4853703703703704,0.01521655601428299,0.645,0.018999419228873358,180,1,0.5,niedrig
5,6,30,520.4769232862388,3.039491567465538,0.4014928945551119,0.007297227020985037,165.41468202493937,19.01324828931459,0.8644542247466335,0.005154385380324107,0.48074074074074075,0.011206338965800275,0.6131481481481482,0.019468022146261005,180,1,0.5,mittel
5,6,30,509.39901727452013,2.68131447427131,0.3972265121446846,0.008905717060043344,132.0308550265219,12.17264562446484,0.8831951990212394,0.0032789617284595964,0.4798148148148148,0.013788145414655555,0.6225925925925926,0.019372933807410904,180,1,0.5,hoch
5,6,30,475.40900377115327,3.7194025069956176,0.43908255287239784,0.013257944303237236,128.133103723893,12.463436100633093,0.315952913182663,0.0034875733114517454,0.09018518518518519,0.009692796166542141,0.6285185185185185,0.023323310462627204,180,3,0.1,niedrig
5,6,30,463.1122200026405,3.6598574224830234,0.44686514156367557,0.011656758489658714,111.55269448720043,5.973756720649975,0.32707555904310154,0.003862016983769046,0.09574074074074074,0.00936382347679281,0.6209259259259259,0.02130123352175341,180,3,0.1,mittel
5,6,30,452.5433118036275,3.8823789702521525,0.4640602485064391,0.011087225793786118,115.25459380501098,6.520953235248418,0.33248406850068374,0.0042112519399083856,0.09981481481481481,0.008312155180821585,0.6214814814814815,0.017810071987698173,180,3,0.1,hoch
5,6,30,528.6780109843019,4.144157813761749,0.39346291834221686,0.0140880128563845,139.04116894365742,16.90077352073951,0.285028909951748,0.003300177068472044,0.2925925925925926,0.010341095332911183,0.6261111111111111,0.015914091596385828,180,3,0.3,niedrig
5,6,30,492.70238243258825,3.473270661043152,0.4191813378516051,0.008534060891457966,128.11763797982982,12.324072099288689,0.30347598471215587,0.0032457277651385392,0.28518518518518515,0.009241495092278538,0.6418518518518519,0.017446715435172885,180,3,0.3,mittel
5,6,30,466.89866953822116,3.82395677134905,0.4474512956318962,0.014568884165867893,128.70630459981854,14.654877003732,0.3217206016647552,0.003581662549841983,0.29314814814814816,0.012004297434623851,0.6188888888888889,0.015118766748290529,180,3,0.3,hoch
5,6,30,560.5771768804555,4.751537890329672,0.357060650135834,0.00966138997878294,142.76823168801258,9.863099251199412,0.2692109840870886,0.003039905283730692,0.4924074074074074,0.014311943541044566,0.6411111111111112,0.01664615715517022,180,3,0.5,niedrig
5,6,30,515.2450175414026,3.830649995395872,0.39755162385529896,0.00880636875753978,129.82146850882458,10.563767553462068,0.29118231543314893,0.003461315212224925,0.47574074074074074,0.011691418046933296,0.6335185185185186,0.016061844727853686,180,3,0.5,mittel
5,6,30,475.75550433586744,3.6526330226509325,0.438686269538409,0.012165438548609856,118.0014410913353,8.461704095702792,0.31843481452942524,0.0028339223926956716,0.482962962962963,0.012669865533802015,0.6268518518518519,0.01999706827762782,180,3,0.5,hoch
