L,S,wiederholungen,programmdauer,programmdauer_ki,endrate,endrate_ki,hochlauf,hochlauf_ki,auslastung_pruefung,auslastung_pruefung_ki,ruestquote,ruestquote_ki,fehlteile_je_satellit,fehlteile_je_satellit_ki,fertiggestellt,pruefstationen,f_tiefe
1,30,30,546.8577014138904,7.763067990324093,0.3677338323868158,0.01218596505529595,137.78771917813796,10.601940462624293,0.8217010046112105,0.012656830546268948,0.29333333333333333,0.012760613270090376,0.8714814814814815,0.024954949579951313,180,1,0.5
2,15,30,503.0137764376462,4.0033920803081395,0.391298708659237,0.009251774979307945,133.87118889893006,17.523461840919467,0.8938594663563751,0.004389990917174289,0.2912962962962963,0.01281691572115492,0.9014814814814814,0.02445404184827112,180,1,0.5
3,10,30,496.14009137059253,3.268156369290792,0.40098082575244004,0.010081173424236306,133.95216081781197,28.479031226246565,0.9047278909770289,0.002898631372403649,0.2940740740740741,0.011927418419575203,0.8903703703703704,0.029142916795624627,180,1,0.5
5,6,30,488.0793189150467,3.39865676926254,0.4046884160843479,0.007720752156531661,109.23273742934244,9.535989966494402,0.9155162373472194,0.0027273123039531933,0.28685185185185186,0.013578990622644982,0.8907407407407407,0.023338498080309796,180,1,0.5
6,5,30,490.8452248870633,3.2093546062793257,0.398429359739021,0.007946007258655664,105.47543624580292,13.232644985037094,0.9205526852077005,0.002076195415125383,0.29185185185185186,0.009679429535496048,0.89,0.02621040147445219,180,1,0.5
10,3,30,486.64635682686367,3.2804778021086327,0.3945404953950516,0.008814011761819748,96.21224227879695,8.55856000674693,0.9288128164906378,0.0015966916091561582,0.28277777777777774,0.015125525954661441,0.8864814814814815,0.03034229337926457,180,1,0.5
15,2,30,481.0046591798099,3.260645885609211,0.3931204629361702,0.007544461913756853,91.72003470380574,6.6927289495287825,0.9356196161255445,0.0016150771608819275,0.27259259259259255,0.007864807259331408,0.9212962962962963,0.02155183990130207,180,1,0.5
1,30,30,607.4797900096647,8.781265869210191,0.34572948564420813,0.01620526892272005,191.38323716291293,33.41046232974624,0.7435361884390663,0.01055434170250821,0.28685185185185186,0.012973332761632315,0.622962962962963,0.02453638516688735,180,1,0.65
2,15,30,548.7036413699944,5.047622207485947,0.3870150430498152,0.008691256700365099,170.73305584968884,19.33008655242367,0.8263648109508087,0.00954421056983758,0.2907407407407407,0.01408009819317214,0.6246296296296295,0.01986441249760322,180,1,0.65
3,10,30,527.7332983016154,3.976274298238435,0.38944078345047345,0.007620683169483887,163.79197608754035,19.90848864478183,0.8516319001311442,0.006230558512011006,0.2859259259259259,0.013101387104835998,0.6407407407407407,0.02006001024833095,180,1,0.65
5,6,30,510.03954408000357,3.040227544009752,0.3985330425690699,0.007563954975918257,139.24016711061844,10.769578430980388,0.8838435773256506,0.003674185324920253,0.28351851851851856,0.012846654206029508,0.6218518518518519,0.017572806026921486,180,1,0.65
6,5,30,506.2869347168501,2.917648199555704,0.40720664289488867,0.007544280398847373,145.7260869814547,18.738227966564903,0.8885824861905686,0.004216455835816741,0.2875925925925926,0.012240389068355775,0.6401851851851852,0.018075535449577722,180,1,0.65
10,3,30,495.90461646936456,3.5023703490593374,0.40721605424255714,0.009319801874565006,132.2212963220005,25.30331332977165,0.9036374217699576,0.0026054369877207563,0.2790740740740741,0.010746316516364256,0.6257407407407407,0.02266392311378846,180,1,0.65
15,2,30,491.8712671980889,4.013388304109318,0.4056184894975799,0.009057518769592305,130.0271203656021,21.781574052732477,0.9152056091610897,0.002554097432107547,0.27296296296296296,0.011671000755905228,0.6322222222222221,0.01708892559206989,180,1,0.65
1,30,30,668.819633578054,6.747430855340991,0.3154519632156549,0.010156131266090773,183.6046272074162,15.26066971514713,0.6751431454236201,0.008318652591028064,0.29555555555555557,0.012159025750221555,0.36333333333333334,0.011991992030254878,180,1,0.8
2,15,30,632.6542937612868,4.07460955370498,0.32933168323117645,0.008390980606941397,181.98205561709196,12.807474190073345,0.7077869192510675,0.007521724305035465,0.3061111111111111,0.01152549065618902,0.36185185185185187,0.014190012750219035,180,1,0.8
3,10,30,613.1395475649674,3.9093311526817227,0.34017854355976623,0.0075218515248843465,162.30205868288732,8.332978046849998,0.7378046115183942,0.009568140987081957,0.29462962962962963,0.00947666793921374,0.3735185185185185,0.01752426745574435,180,1,0.8
5,6,30,587.5796670921502,4.129740047178958,0.3599333124176616,0.007264707679525401,172.3502112748835,17.35127267811307,0.7710006435621438,0.007693250983621909,0.28296296296296297,0.01287261902312967,0.36833333333333335,0.016966870280075052,180,1,0.8
6,5,30,581.94080704992,3.6110586769672137,0.36153160061714845,0.009534721479002273,173.40401937952282,28.085581795239523,0.771430936395214,0.007853326842781142,0.2994444444444444,0.01055006700083707,0.36814814814814817,0.016476086823579088,180,1,0.8
10,3,30,545.6856099028981,5.3448890819585,0.37579256384827897,0.0071145579208038625,146.15499436474857,13.633850448092701,0.8276460439330547,0.00863979810508351,0.2727777777777778,0.009716201967467877,0.3687037037037037,0.017716085433308076,180,1,0.8
15,2,30,523.3712684404342,5.251793626361436,0.3900863850057677,0.009085283993908932,131.15947072535315,12.767029760908217,0.8563775080560544,0.012010748864484206,0.274074074074074,0.01186325919734567,0.36666666666666664,0.016393715547886656,180,1,0.8
1,30,30,541.293122508656,6.73610760361314,0.3942256099709935,0.01917282854600305,161.7846803056884,40.140715499029554,0.27720050055016415,0.004572809064152335,0.29,0.013527875765731955,0.8981481481481481,0.02189843120950872,180,3,0.5
2,15,30,467.43931742220195,4.925504835771458,0.432699490641062,0.02020055042575812,114.46335449458769,12.272178483094363,0.32037599152694207,0.0037682842117539167,0.2864814814814815,0.012060928916895025,0.924074074074074,0.02379534647338368,180,3,0.5
3,10,30,431.05249470076166,3.9530962494442092,0.4826273038721165,0.009538105390592296,118.04217238427326,10.208380556157445,0.35108584174640606,0.003408367776263337,0.28814814814814815,0.013691435190245956,0.8972222222222223,0.025020489404168813,180,3,0.5
5,6,30,401.5121784706094,4.18072849767513,0.5033205052071564,0.016492318975208607,101.99417061979018,9.655222752074332,0.3730740027346585,0.005517533766925147,0.2898148148148148,0.010801973253837634,0.8887037037037037,0.020840719122192194,180,3,0.5
6,5,30,388.38262812295955,3.8152753856166037,0.5432622274039515,0.016710093891807484,101.07605954298575,7.994995353698515,0.38660900720670516,0.004977297386371158,0.2896296296296296,0.012505296092000849,0.9001851851851852,0.026101415516471188,180,3,0.5
10,3,30,362.8362103187677,2.891642761210701,0.5600710217914878,0.01178265927604223,83.73889058811295,4.909338671764307,0.41418629246449884,0.004770557162869265,0.28444444444444444,0.012091587483336401,0.8922222222222221,0.0217125972215246,180,3,0.5
15,2,30,341.8113165166198,3.2911022857800787,0.5827465715114154,0.019626975431056383,74.24097980496445,5.192425533576484,0.4364007543015501,0.006148053726445484,0.27666666666666667,0.009842323819001356,0.8974074074074074,0.020076308896161466,180,3,0.5
1,30,30,605.5655153298612,7.616869040371589,0.3369728353836984,0.013607593529634792,152.83770870238473,15.771476918387782,0.24726224597897384,0.0034558770405758213,0.2912962962962963,0.009068064421177493,0.6353703703703704,0.01678381471265084,180,3,0.65
2,15,30,550.2571122014587,4.995533330626828,0.37691611640386985,0.013175562834111058,140.86751552691356,11.252484404456348,0.2715620749403272,0.0034877753179178325,0.3025925925925926,0.012721392538025183,0.6288888888888889,0.020537152785368933,180,3,0.65
3,10,30,522.2098338475512,5.027364614503635,0.3898504518575929,0.012168833956497706,130.875151795764,10.12854796574661,0.28850225562086834,0.003907550657451019,0.30185185185185187,0.013252390895006006,0.639074074074074,0.02524678474602852,180,3,0.65
5,6,30,492.70238243258825,3.473270661043152,0.4191813378516051,0.008534060891457966,128.11763797982982,12.324072099288689,0.30347598471215587,0.0032457277651385392,0.28518518518518515,0.009241495092278538,0.6418518518518519,0.017446715435172885,180,3,0.65
6,5,30,484.08937881420593,3.2393070087390146,0.4257006877064625,0.010185979602743665,122.03693553968819,7.472805950487404,0.30995053384994725,0.003455618260206889,0.29314814814814816,0.012891133302330599,0.6266666666666667,0.017738508352920568,180,3,0.65
10,3,30,450.56467266255197,3.89334513910219,0.4471634868933871,0.012420046971296686,103.85656733438756,7.165782618216635,0.33382899601105825,0.004200783382263754,0.2796296296296296,0.011701322162596362,0.6198148148148148,0.016572994092827323,180,3,0.65
15,2,30,430.81569186839073,3.8100319573933117,0.46231369560655733,0.013239350508674353,85.51662420471621,4.816537769935344,0.3479646670210083,0.0038546804292307855,0.2748148148148148,0.012483480707431745,0.63,0.01953173866041176,180,3,0.65
1,30,30,676.414829335417,6.642870987874964,0.29855520105602057,0.010060547685765859,163.94487913373175,11.3993036413019,0.22369618358225776,0.002734019158413456,0.3,0.01160385817822701,0.36703703703703705,0.015202667318913931,180,3,0.8
2,15,30,631.2330803253425,3.7231272245118805,0.3290421422144628,0.00921176586429189,164.6855021223512,10.214143371161342,0.23717833185954723,0.002603760590091054,0.2994444444444444,0.01101766761044673,0.3603703703703704,0.013839940241458367,180,3,0.8
3,10,30,614.5505354275248,4.49826725371082,0.336307428956864,0.010258634056127027,159.22355686794756,9.866674159022764,0.24483122754651496,0.002856637770577888,0.29037037037037033,0.011649962783036193,0.36092592592592593,0.017129417429909977,180,3,0.8
5,6,30,586.9200851897568,4.597554474168103,0.3531864819467993,0.008930814063472054,157.86176012834164,17.161170388522216,0.2566969994514619,0.003227003877773137,0.28944444444444445,0.013786827456814263,0.3612962962962963,0.012814788902889075,180,3,0.8
6,5,30,583.0360909537587,5.254813680509641,0.34522158642122014,0.009959846550434769,140.2156950772609,8.876365883844915,0.25884252005985914,0.002598767428700503,0.29037037037037033,0.012018480322352998,0.36722222222222217,0.013344794350478507,180,3,0.8
10,3,30,545.2583259279313,4.9524335349264055,0.3760376964079656,0.010648560080675261,120.08774936527568,4.348324788859033,0.2754273426405815,0.0037441565173348414,0.28296296296296297,0.01290434152439893,0.35574074074074075,0.013984432478066394,180,3,0.8
15,2,30,517.5364620668971,5.298322038630723,0.3837696358683239,0.009937743416065535,107.44851741406895,5.884442887105786,0.2887318987651261,0.0033174324865763343,0.2753703703703704,0.011482051730575711,0.3553703703703704,0.01657957143931066,180,3,0.8
