t_zuliefer,f_tiefe,L,S,wiederholungen,programmdauer,programmdauer_ki,endrate,endrate_ki,hochlauf,hochlauf_ki,auslastung_pruefung,auslastung_pruefung_ki,ruestquote,ruestquote_ki,fehlteile_je_satellit,fehlteile_je_satellit_ki,fertiggestellt
3,0.5,5,6,30,401.5121784706094,4.18072849767513,0.5033205052071564,0.016492318975208607,101.99417061979018,9.655222752074332,0.3730740027346585,0.005517533766925147,0.2898148148148148,0.010801973253837634,0.8887037037037037,0.020840719122192194,180
3,0.65,5,6,30,492.70238243258825,3.473270661043152,0.4191813378516051,0.008534060891457966,128.11763797982982,12.324072099288689,0.30347598471215587,0.0032457277651385392,0.28518518518518515,0.009241495092278538,0.6418518518518519,0.017446715435172885,180
3,0.8,5,6,30,586.9200851897568,4.597554474168103,0.3531864819467993,0.008930814063472054,157.86176012834164,17.161170388522216,0.2566969994514619,0.003227003877773137,0.28944444444444445,0.013786827456814263,0.3612962962962963,0.012814788902889075,180
6,0.5,5,6,30,466.91092825553085,7.0544334218915745,0.4401855008309251,0.019965283297101618,115.6991843058216,13.939136476621822,0.32135823628229043,0.005264295001879295,0.27518518518518514,0.011494507833130873,0.8909259259259259,0.02390477414956212,180
6,0.65,5,6,30,541.304759798067,4.419237585276592,0.3817188685941548,0.012897652542830021,138.190506535913,14.744895813713669,0.27782700858929604,0.0035017411035476757,0.2875925925925926,0.01150576602053978,0.6314814814814814,0.01930528148933672,180
6,0.8,5,6,30,614.1687580859481,6.704638508346352,0.3331698527173519,0.010482620474792823,153.33968563889758,9.297496382719926,0.24340403239837982,0.003254800391365595,0.29055555555555557,0.012043590238945422,0.36185185185185187,0.009749574635444923,180
10,0.5,5,6,30,574.4083833880153,11.025981063067304,0.33568752469559465,0.012451092102964939,118.80537406965098,9.038237105861345,0.26286907073839144,0.005666344437565978,0.2825925925925926,0.013450417103540393,0.9061111111111111,0.01877573605773473,180
10,0.65,5,6,30,607.8984733781676,8.34641474427512,0.3264125181817929,0.014083288302549396,144.17283118835363,17.628352582672715,0.24516711757175028,0.0037360389778935722,0.2822222222222222,0.012226092038011336,0.6192592592592593,0.01797763059306463,180
10,0.8,5,6,30,649.5776284888815,8.048520216767635,0.31161076973630136,0.013363350184689048,179.688589577102,40.070180045303985,0.22972497644159032,0.002999175623032381,0.2803703703703704,0.010923045619002777,0.3537037037037037,0.01709636734670079,180
15,0.5,5,6,30,700.4283166108819,14.010726264565916,0.2688443298248809,0.01670655980253212,146.4468793487325,16.513591876899408,0.2146122318470729,0.004073612116469438,0.2985185185185185,0.013772816365923455,0.9016666666666667,0.025731559283912346,180
15,0.65,5,6,30,721.9120034627268,15.49976883748736,0.2728537133212162,0.02206918109171347,183.28740542299414,42.927280268319464,0.2080985628461058,0.0052384566314906305,0.2833333333333333,0.010389305828910858,0.6516666666666667,0.02049563569958834,180
15,0.8,5,6,30,717.6160787682309,10.996319136507825,0.27278989273411375,0.012910811275696828,171.97045198123175,15.581751326116947,0.21044823349861802,0.0033579667265239335,0.28611111111111115,0.012072975919471964,0.35500000000000004,0.013895138721539227,180
20,0.5,5,6,30,830.5653880580028,21.865290378023776,0.24143278661226708,0.016790559507203425,185.05004258526068,30.020140548835972,0.1820579113868552,0.004990792939740718,0.28944444444444445,0.011201676119792088,0.8981481481481481,0.020134604042046464,180
20,0.65,5,6,30,822.1896822874656,16.585661341140103,0.22931542932901824,0.014327185470475751,163.03018630514134,23.582706878378275,0.1843178399625353,0.0038368159013825853,0.28296296296296297,0.011461261476809584,0.6277777777777778,0.018213114878265456,180
20,0.8,5,6,30,779.9022514046984,9.577853880952613,0.2553218512005787,0.014893875853053433,167.67794400836888,12.793464199450261,0.19189178720672515,0.0029562355555544676,0.29574074074074075,0.01029287970363681,0.3605555555555556,0.015786838727158258,180
30,0.5,5,6,30,1124.4492233591736,36.85800426287677,0.16842422574329693,0.016576454530074593,204.39949220580147,35.01544979657314,0.1342980131000215,0.004626841474757643,0.29203703703703704,0.010834726940959431,0.910925925925926,0.017025672760436268,180
30,0.65,5,6,30,1008.9907076806088,32.199768721045295,0.17746748727101613,0.0125122736288559,202.49458294428405,31.68874191442505,0.14876479840079487,0.004664066731138607,0.2975925925925926,0.01035887165829447,0.6351851851851851,0.024091329310748758,180
30,0.8,5,6,30,911.0275100239153,27.290052111562837,0.20776222357192983,0.01905452175530319,214.31952661868917,45.63366979254132,0.16540170238917912,0.00525516889803121,0.28425925925925927,0.01145114973420085,0.3640740740740741,0.018552171924296396,180
