L,S,wiederholungen,programmdauer,programmdauer_ki,endrate,endrate_ki,hochlauf,hochlauf_ki,auslastung_pruefung,auslastung_pruefung_ki,ruestquote,ruestquote_ki,fehlteile_je_satellit,fehlteile_je_satellit_ki,fertiggestellt,pruefstationen
1,30,30,607.4797900096647,8.781265869210191,0.34572948564420813,0.01620526892272005,191.38323716291293,33.41046232974624,0.7435361884390663,0.01055434170250821,0.28685185185185186,0.012973332761632315,0.622962962962963,0.02453638516688735,180,1
2,15,30,548.7036413699944,5.047622207485947,0.3870150430498152,0.008691256700365099,170.73305584968884,19.33008655242367,0.8263648109508087,0.00954421056983758,0.2907407407407407,0.01408009819317214,0.6246296296296295,0.01986441249760322,180,1
3,10,30,527.7332983016154,3.976274298238435,0.38944078345047345,0.007620683169483887,163.79197608754035,19.90848864478183,0.8516319001311442,0.006230558512011006,0.2859259259259259,0.013101387104835998,0.6407407407407407,0.02006001024833095,180,1
5,6,30,510.03954408000357,3.040227544009752,0.3985330425690699,0.007563954975918257,139.24016711061844,10.769578430980388,0.8838435773256506,0.003674185324920253,0.28351851851851856,0.012846654206029508,0.6218518518518519,0.017572806026921486,180,1
6,5,30,506.2869347168501,2.917648199555704,0.40720664289488867,0.007544280398847373,145.7260869814547,18.738227966564903,0.8885824861905686,0.004216455835816741,0.2875925925925926,0.012240389068355775,0.6401851851851852,0.018075535449577722,180,1
10,3,30,495.90461646936456,3.5023703490593374,0.40721605424255714,0.009319801874565006,132.2212963220005,25.30331332977165,0.9036374217699576,0.0026054369877207563,0.2790740740740741,0.010746316516364256,0.6257407407407407,0.02266392311378846,180,1
15,2,30,491.8712671980889,4.013388304109318,0.4056184894975799,0.009057518769592305,130.0271203656021,21.781574052732477,0.9152056091610897,0.002554097432107547,0.27296296296296296,0.011671000755905228,0.6322222222222221,0.01708892559206989,180,1
1,30,30,602.736994088739,7.18507456610539,0.3572858633272128,0.013760707173415845,159.42215299986765,16.981694688954498,0.37213663045212186,0.005182485489580521,0.28611111111111115,0.009480502124548066,0.6383333333333333,0.017040608265831744,180,2
2,15,30,549.5810853151797,5.730922520533381,0.36949016333028006,0.010664375370805682,134.99623481473415,11.271351301498486,0.4086792649015409,0.005612704459227993,0.2890740740740741,0.01307796091992165,0.6301851851851852,0.021249988010469716,180,2
3,10,30,522.1542281843377,3.1663312745959336,0.3952702473282592,0.010195277120896993,136.04491173675396,9.719203586963785,0.43068945837525596,0.004614128778687437,0.2790740740740741,0.012880556972839392,0.6401851851851852,0.020939881466381798,180,2
5,6,30,488.9218246136206,3.2027940765496345,0.43034599990650774,0.01185102779630688,128.54598437486158,10.383885644867274,0.45882632905212073,0.004364080835341257,0.2783333333333333,0.010943197898553858,0.6164814814814814,0.02016943268544398,180,2
6,5,30,484.20924991360675,3.3536926789407726,0.4264660505271442,0.013563415475782272,122.47239274798959,8.412136185786185,0.4617460986445379,0.005394023782837548,0.29462962962962963,0.010944858285909093,0.6396296296296297,0.020258765161462137,180,2
10,3,30,452.329931455305,3.4556426275982677,0.45214370061190107,0.011657517950790956,108.03360372588845,8.511058865714405,0.4957766808845155,0.006573879237207419,0.27351851851851855,0.01293335213198957,0.6203703703703703,0.022487952300633315,180,2
15,2,30,428.2439786452695,4.7048744706401635,0.46166976781834035,0.015828145235027378,89.01852997721838,6.790934005161679,0.5242383592884385,0.006654508102532948,0.28018518518518515,0.011205730878529023,0.6177777777777778,0.019078517455392827,180,2
1,30,30,605.5655153298612,7.616869040371589,0.3369728353836984,0.013607593529634792,152.83770870238473,15.771476918387782,0.24726224597897384,0.0034558770405758213,0.2912962962962963,0.009068064421177493,0.6353703703703704,0.01678381471265084,180,3
2,15,30,550.2571122014587,4.995533330626828,0.37691611640386985,0.013175562834111058,140.86751552691356,11.252484404456348,0.2715620749403272,0.0034877753179178325,0.3025925925925926,0.012721392538025183,0.6288888888888889,0.020537152785368933,180,3
3,10,30,522.2098338475512,5.027364614503635,0.3898504518575929,0.012168833956497706,130.875151795764,10.12854796574661,0.28850225562086834,0.003907550657451019,0.30185185185185187,0.013252390895006006,0.639074074074074,0.02524678474602852,180,3
5,6,30,492.70238243258825,3.473270661043152,0.4191813378516051,0.008534060891457966,128.11763797982982,12.324072099288689,0.30347598471215587,0.0032457277651385392,0.28518518518518515,0.009241495092278538,0.6418518518518519,0.017446715435172885,180,3
6,5,30,484.08937881420593,3.2393070087390146,0.4257006877064625,0.010185979602743665,122.03693553968819,7.472805950487404,0.30995053384994725,0.003455618260206889,0.29314814814814816,0.012891133302330599,0.6266666666666667,0.017738508352920568,180,3
10,3,30,450.56467266255197,3.89334513910219,0.4471634868933871,0.012420046971296686,103.85656733438756,7.165782618216635,0.33382899601105825,0.004200783382263754,0.2796296296296296,0.011701322162596362,0.6198148148148148,0.016572994092827323,180,3
15,2,30,430.81569186839073,3.8100319573933117,0.46231369560655733,0.013239350508674353,85.51662420471621,4.816537769935344,0.3479646670210083,0.0038546804292307855,0.2748148148148148,0.012483480707431745,0.63,0.01953173866041176,180,3
