L,S,wiederholungen,programmdauer,programmdauer_ki,endrate,endrate_ki,hochlauf,hochlauf_ki,auslastung_pruefung,auslastung_pruefung_ki,ruestquote,ruestquote_ki,fehlteile_je_satellit,fehlteile_je_satellit_ki,fertiggestellt,pruefstationen,standardisierung,r_ruest,automatisierung,k_auto
1,30,30,732.8080813726053,7.346959056031683,0.29017704818300555,0.009967626484373186,206.33387498623443,26.152945130541436,0.6139098879703548,0.007446941350887774,0.2985185185185185,0.01062194719733164,0.6327777777777778,0.020376931533616607,180,1,niedrig,0.3,niedrig,1.0
1,30,30,643.8052539141656,5.677029583896455,0.31732512441705457,0.013149873028411613,166.40758622350546,24.095137598152295,0.696795004275636,0.008329120745106725,0.29333333333333333,0.009925057051999994,0.6227777777777778,0.01973823115842745,180,1,niedrig,0.3,mittel,0.8
1,30,30,555.7051191706156,5.67760475217923,0.3707112078473372,0.015705762930626248,162.8750260508719,27.89194924803925,0.8033849726733296,0.010742227186083905,0.29629629629629634,0.010792506602300599,0.6238888888888889,0.02100140386017558,180,1,niedrig,0.3,hoch,0.6
1,30,30,701.2209381247455,7.2448443041646176,0.29859849161856644,0.00922127007048077,189.19110199332437,17.9151591852046,0.638294399547516,0.008080132371344423,0.3048148148148148,0.011375324674353319,0.6138888888888889,0.020346142564166295,180,1,mittel,0.2,niedrig,1.0
1,30,30,607.4797900096647,8.781265869210191,0.34572948564420813,0.01620526892272005,191.38323716291293,33.41046232974624,0.7435361884390663,0.01055434170250821,0.28685185185185186,0.012973332761632315,0.622962962962963,0.02453638516688735,180,1,mittel,0.2,mittel,0.8
1,30,30,522.270346064958,5.7600805088785885,0.3937183676540255,0.010926383984947564,148.00159464890288,22.30939024760519,0.8581096837828321,0.009417059276422647,0.30462962962962964,0.013534758173796084,0.611111111111111,0.019784093585959953,180,1,mittel,0.2,hoch,0.6
1,30,30,672.7780927732123,9.078948337243615,0.3177110142290827,0.011349040998982554,179.17409684877867,23.22001846625373,0.6689967625258356,0.00948398460714572,0.3035185185185185,0.011515238062225385,0.6155555555555555,0.020497297997595042,180,1,hoch,0.1,niedrig,1.0
1,30,30,579.1265754236302,8.013728341694623,0.36713117820440705,0.012454582439767183,178.77293322248482,21.774054067821588,0.7795347931110609,0.01240769387033053,0.2925925925925926,0.01051102569814191,0.647962962962963,0.016078805796372823,180,1,hoch,0.1,mittel,0.8
1,30,30,511.49392744452325,4.611002419522601,0.3999898480948793,0.009989596732061155,143.89493180601224,20.007169038813686,0.8814090929781462,0.006980154351303967,0.305,0.014668096025400127,0.6448148148148148,0.016997232417174046,180,1,hoch,0.1,hoch,0.6
1,30,30,731.7295983265974,6.308914380020799,0.2841304659308614,0.009460480302540186,181.81375348942083,15.892135757779238,0.20395996854160636,0.0024420253700938917,0.2985185185185185,0.011777941314719627,0.6546296296296297,0.025529146403975297,180,3,niedrig,0.3,niedrig,1.0
1,30,30,640.589529373718,7.141037852141785,0.33123825784603134,0.01474173713058871,162.92396681872282,17.321059394952997,0.2337838605070229,0.0028661633150606023,0.29703703703703704,0.008049779376834133,0.6351851851851852,0.020833197502040525,180,3,niedrig,0.3,mittel,0.8
1,30,30,555.7763477816825,8.063952349745614,0.38140016259136006,0.021220120423218282,153.71305949661325,21.431083816789556,0.2693706769935612,0.004580296295430267,0.2968518518518518,0.012482934834341876,0.6355555555555555,0.019829506304447738,180,3,niedrig,0.3,hoch,0.6
1,30,30,691.0025723782503,7.464992662356958,0.29730542685293104,0.009739628923171142,188.83358597552157,16.88485626627958,0.21625630331061524,0.003472024959261183,0.2831481481481481,0.012814788902889073,0.6148148148148148,0.018497731372744717,180,3,mittel,0.2,niedrig,1.0
1,30,30,605.5655153298612,7.616869040371589,0.3369728353836984,0.013607593529634792,152.83770870238473,15.771476918387782,0.24726224597897384,0.0034558770405758213,0.2912962962962963,0.009068064421177493,0.6353703703703704,0.01678381471265084,180,3,mittel,0.2,mittel,0.8
1,30,30,506.81273838214196,6.325947407914585,0.40985887522142306,0.018200526061326213,139.77666221146518,16.70283226162176,0.2971287191735101,0.004139677334114835,0.29814814814814816,0.01273852188941699,0.6201851851851852,0.02469003870889941,180,3,mittel,0.2,hoch,0.6
1,30,30,670.7695254954501,8.50540411671452,0.3075142681191659,0.011885490469104178,169.26776099677133,26.967779427720586,0.22486956797309895,0.003438816550406336,0.3042592592592593,0.012072223334013091,0.6203703703703703,0.02175481974220857,180,3,hoch,0.1,niedrig,1.0
1,30,30,575.2948800535582,7.72315183020481,0.3440728367660651,0.016032800107378953,146.49636072666152,15.087303178643255,0.2596262862025536,0.0034407484289266784,0.30074074074074075,0.012461627132803707,0.6522222222222223,0.017870167337169403,180,3,hoch,0.1,mittel,0.8
1,30,30,477.44519374637923,6.868944200449019,0.4302148930489242,0.022962097954613243,123.96953398922443,17.587030508539844,0.3161147112782015,0.005137691846835223,0.2951851851851852,0.009232642612376532,0.6275925925925926,0.01698560224148628,180,3,hoch,0.1,hoch,0.6
5,6,30,622.7219689747419,3.7917045432888825,0.3325210258938368,0.008940764772695169,171.42513719591426,11.16161903317051,0.7189682893482086,0.007011765519147702,0.2846296296296297,0.00972087636491305,0.6325925925925926,0.01882925221161697,180,1,niedrig,0.3,niedrig,1.0
5,6,30,526.329176707315,3.513799108624213,0.3942503147960078,0.007454177933559069,161.2760110524322,16.12486485938904,0.8529622495506819,0.006683298356030751,0.2853703703703704,0.011336320360297289,0.6309259259259259,0.018374650399524975,180,1,niedrig,0.3,mittel,0.8
5,6,30,492.4801745418326,3.793088073848335,0.40112330669046575,0.008358858969206767,113.01224806375313,12.652768281804672,0.9182535420647271,0.0022130851689704033,0.2890740740740741,0.010460987867242833,0.6412962962962963,0.016712205757921775,180,1,niedrig,0.3,hoch,0.6
5,6,30,591.3949185638859,4.064079752462488,0.348290121015293,0.00903888143955989,161.75107932339807,10.899374227046627,0.7663348386794333,0.007753951610717583,0.2825925925925926,0.010885550786759901,0.6342592592592593,0.018451626056770098,180,1,mittel,0.2,niedrig,1.0
5,6,30,510.03954408000357,3.040227544009752,0.3985330425690699,0.007563954975918257,139.24016711061844,10.769578430980388,0.8838435773256506,0.003674185324920253,0.28351851851851856,0.012846654206029508,0.6218518518518519,0.017572806026921486,180,1,mittel,0.2,mittel,0.8
5,6,30,485.8719131783833,3.2332318117250476,0.40157312104060927,0.007930340545981716,104.00043611263457,13.745044991312756,0.9183865872783002,0.0024282795533736336,0.2974074074074074,0.015164969504763683,0.6209259259259259,0.01722620951110341,180,1,mittel,0.2,hoch,0.6
5,6,30,570.3675881108641,2.671345934746655,0.3654752780412293,0.009242235727092037,171.23068795280534,28.20419927478336,0.7893110353789384,0.0071578186202088095,0.2911111111111111,0.009215898060865039,0.6287037037037037,0.020408564448822407,180,1,hoch,0.1,niedrig,1.0
5,6,30,503.71522676492697,3.160049861147079,0.39757158670713305,0.00963208219440663,128.1351890837828,13.420913629714304,0.8908208906829576,0.003004848249223385,0.28185185185185185,0.011317670961158604,0.6211111111111111,0.022979923864296304,180,1,hoch,0.1,mittel,0.8
5,6,30,489.19544746433417,3.261824912666228,0.39803605653052737,0.007639907830192834,107.3860707165374,15.212165968292807,0.9206969488457958,0.002216693361321296,0.27666666666666667,0.013866174631870424,0.6105555555555555,0.022705176887028743,180,1,hoch,0.1,hoch,0.6
5,6,30,622.7738347741865,4.892027619371466,0.32817157532195584,0.011254177800054915,163.58229700174198,18.033863056712704,0.23966026397558435,0.0027874745771126193,0.29444444444444445,0.011662434311064033,0.6501851851851852,0.017295690478668684,180,3,niedrig,0.3,niedrig,1.0
5,6,30,528.6780109843019,4.144157813761749,0.39346291834221686,0.0140880128563845,139.04116894365742,16.90077352073951,0.285028909951748,0.003300177068472044,0.2925925925925926,0.010341095332911183,0.6261111111111111,0.015914091596385828,180,3,niedrig,0.3,mittel,0.8
5,6,30,426.3688017167269,4.120941697422946,0.47850420672998795,0.017730570072801387,105.18610099738015,8.860281103438437,0.35138146865911046,0.003981176327831976,0.27759259259259256,0.01433097581108273,0.6212962962962963,0.017308293415427858,180,3,niedrig,0.3,hoch,0.6
5,6,30,588.4181707233514,4.471994041440442,0.34988439127473936,0.009787431376120483,150.28745448528943,9.05186723460519,0.2563250056154975,0.002422061810548043,0.28388888888888886,0.01000642535166447,0.6096296296296296,0.019096605422912142,180,3,mittel,0.2,niedrig,1.0
5,6,30,492.70238243258825,3.473270661043152,0.4191813378516051,0.008534060891457966,128.11763797982982,12.324072099288689,0.30347598471215587,0.0032457277651385392,0.28518518518518515,0.009241495092278538,0.6418518518518519,0.017446715435172885,180,3,mittel,0.2,mittel,0.8
5,6,30,393.97158742159957,2.7418265982602708,0.5205209849642447,0.017350392563464597,97.11597310110118,7.175305389254326,0.3808477436229254,0.0037805908955867123,0.2770370370370371,0.011659317679711999,0.6418518518518519,0.019130830461333768,180,3,mittel,0.2,hoch,0.6
5,6,30,570.1001404924519,4.087867212466597,0.35849689271851126,0.010371995423118778,142.3889841750217,7.622544342125191,0.26338351053652365,0.002671052656341007,0.3009259259259259,0.009178606077016932,0.6298148148148148,0.015099674446595518,180,3,hoch,0.1,niedrig,1.0
5,6,30,466.89866953822116,3.82395677134905,0.4474512956318962,0.014568884165867893,128.70630459981854,14.654877003732,0.3217206016647552,0.003581662549841983,0.29314814814814816,0.012004297434623851,0.6188888888888889,0.015118766748290529,180,3,hoch,0.1,mittel,0.8
5,6,30,368.53637383733445,2.764030389331191,0.5659495470435417,0.018143328305410742,96.40905592299856,8.788093585930262,0.40532255315859833,0.003735191312494235,0.28944444444444445,0.010691219878433071,0.639074074074074,0.019376802567623655,180,3,hoch,0.1,hoch,0.6
